DXCM,"              open     high       low    close  adjusted close   volume  \
2011-01-03   13.74   13.770   13.4700   13.710          13.710   607600   
2011-01-04   13.77   13.840   13.1400   13.320          13.320   318200   
2011-01-05   13.33   13.700   13.3100   13.700          13.700   238100   
2011-01-06   13.67   13.770   13.5600   13.700          13.700   159200   
2011-01-07   13.76   13.830   13.5700   13.730          13.730   216500   
...            ...      ...       ...      ...             ...      ...   
2020-04-09  259.95  276.615  258.6000  275.270         275.270  1166685   
2020-04-13  279.88  285.790  270.1100  273.260         273.260  1190085   
2020-04-14  276.79  285.250  274.0549  280.670         280.670  1340746   
2020-04-15  278.90  300.000  277.6300  291.690         291.690  1266819   
2020-04-16  295.00  309.090  295.0000  306.275         306.275  1554222   

            dividend amount  split coefficient  
2011-01-03              0.0                1.0  
2011-01-04              0.0                1.0  
2011-01-05              0.0                1.0  
2011-01-06              0.0                1.0  
2011-01-07              0.0                1.0  
...                     ...                ...  
2020-04-09              0.0                1.0  
2020-04-13              0.0                1.0  
2020-04-14              0.0                1.0  
2020-04-15              0.0                1.0  
2020-04-16              0.0                1.0  

[2337 rows x 8 columns]"
PODD,"              open      high       low   close  adjusted close  volume  \
2011-01-03   15.58   16.0900   15.3300   16.07           16.07  484200   
2011-01-04   16.13   16.1750   15.5000   15.76           15.76  286000   
2011-01-05   15.72   16.2200   15.6301   16.07           16.07  210800   
2011-01-06   16.05   16.2200   15.7700   16.12           16.12  182000   
2011-01-07   16.15   16.1800   15.6900   15.88           15.88  183400   
...            ...       ...       ...     ...             ...     ...   
2020-04-09  179.73  186.0900  176.3350  182.94          182.94  379220   
2020-04-13  181.63  184.2342  175.3900  180.00          180.00  532770   
2020-04-14  183.38  189.6400  182.2589  185.16          185.16  340304   
2020-04-15  184.55  188.4400  181.5255  187.42          187.42  369371   
2020-04-16  189.05  195.9900  185.7800  192.35          192.35  338855   

            dividend amount  split coefficient  
2011-01-03              0.0                1.0  
2011-01-04              0.0                1.0  
2011-01-05              0.0                1.0  
2011-01-06              0.0                1.0  
2011-01-07              0.0                1.0  
...                     ...                ...  
2020-04-09              0.0                1.0  
2020-04-13              0.0                1.0  
2020-04-14              0.0                1.0  
2020-04-15              0.0                1.0  
2020-04-16              0.0                1.0  

[2337 rows x 8 columns]"
ILMN,"              open    high      low   close  adjusted close   volume  \
2011-01-03   64.05   66.16   64.030   64.34           64.34  1202900   
2011-01-04   64.25   64.82   63.610   64.23           64.23   816200   
2011-01-05   63.90   66.10   63.690   66.00           66.00  1200400   
2011-01-06   66.19   67.70   65.160   67.00           67.00  1435100   
2011-01-07   67.00   67.54   65.150   65.66           65.66  1123100   
...            ...     ...      ...     ...             ...      ...   
2020-04-09  281.56  287.76  279.465  287.62          287.62  1201248   
2020-04-13  281.94  289.87  281.500  289.45          289.45  1119479   
2020-04-14  292.54  299.71  292.080  297.88          297.88  1133487   
2020-04-15  290.33  295.90  288.260  294.29          294.29  1113097   
2020-04-16  300.64  304.24  294.040  303.50          303.50   943108   

            dividend amount  split coefficient  
2011-01-03              0.0                1.0  
2011-01-04              0.0                1.0  
2011-01-05              0.0                1.0  
2011-01-06              0.0                1.0  
2011-01-07              0.0                1.0  
...                     ...                ...  
2020-04-09              0.0                1.0  
2020-04-13              0.0                1.0  
2020-04-14              0.0                1.0  
2020-04-15              0.0                1.0  
2020-04-16              0.0                1.0  

[2337 rows x 8 columns]"
CGNX,"             open     high     low  close  adjusted close  volume  \
2011-01-03  29.60  30.4000  29.420  30.28          7.0302  209200   
2011-01-04  30.34  30.3400  27.561  28.75          6.6750  559800   
2011-01-05  28.74  28.9300  28.191  28.80          6.6866  201500   
2011-01-06  28.71  28.7900  28.325  28.48          6.6123  131000   
2011-01-07  28.48  28.4800  27.070  28.08          6.5195  201500   
...           ...      ...     ...    ...             ...     ...   
2020-04-09  46.00  47.3800  45.360  46.19         46.1900  954389   
2020-04-13  45.88  46.0300  44.860  45.41         45.4100  754696   
2020-04-14  46.71  47.2738  46.240  46.73         46.7300  773708   
2020-04-15  45.94  46.3500  44.950  45.13         45.1300  865720   
2020-04-16  45.52  46.1900  44.550  45.40         45.4000  746310   

            dividend amount  split coefficient  
2011-01-03              0.0                1.0  
2011-01-04              0.0                1.0  
2011-01-05              0.0                1.0  
2011-01-06              0.0                1.0  
2011-01-07              0.0                1.0  
...                     ...                ...  
2020-04-09              0.0                1.0  
2020-04-13              0.0                1.0  
2020-04-14              0.0                1.0  
2020-04-15              0.0                1.0  
2020-04-16              0.0                1.0  

[2337 rows x 8 columns]"
SIEGY,"              open     high      low    close  adjusted close   volume  \
2014-05-16  131.80  132.060  131.500  132.020         51.4226   668180   
2014-05-19  131.21  131.910  131.110  131.420         51.1889  1666412   
2014-05-20  130.22  130.320  128.950  129.250         50.3437   611020   
2014-05-21  128.61  129.540  128.410  129.210         50.3281   841421   
2014-05-22  129.60  130.284  129.390  129.920         50.6046   125544   
...            ...      ...      ...      ...             ...      ...   
2020-04-09   44.71   45.090   43.938   44.760         44.7600   358972   
2020-04-13   44.90   44.900   43.640   44.180         44.1800   447503   
2020-04-14   45.11   45.810   45.090   45.633         45.6330   405903   
2020-04-15   43.08   43.310   42.500   42.910         42.9100   293589   
2020-04-16   42.81   42.810   41.660   42.030         42.0300   338764   

            dividend amount  split coefficient  
2014-05-16              0.0                1.0  
2014-05-19              0.0                1.0  
2014-05-20              0.0                1.0  
2014-05-21              0.0                1.0  
2014-05-22              0.0                1.0  
...                     ...                ...  
2020-04-09              0.0                1.0  
2020-04-13              0.0                1.0  
2020-04-14              0.0                1.0  
2020-04-15              0.0                1.0  
2020-04-16              0.0                1.0  

[1490 rows x 8 columns]"
WCMIX,"             open   high    low  close  adjusted close  volume  \
2011-06-01   9.85   9.85   9.85   9.85          8.9050       0   
2011-06-02   9.97   9.97   9.97   9.97          9.0135       0   
2011-06-03   9.95   9.95   9.95   9.95          8.9954       0   
2011-06-06   9.87   9.87   9.87   9.87          8.9231       0   
2011-06-07   9.87   9.87   9.87   9.87          8.9231       0   
...           ...    ...    ...    ...             ...     ...   
2020-04-09  16.57  16.57  16.57  16.57         16.5700       0   
2020-04-13  16.48  16.48  16.48  16.48         16.4800       0   
2020-04-14  16.95  16.95  16.95  16.95         16.9500       0   
2020-04-15  16.49  16.49  16.49  16.49         16.4900       0   
2020-04-16  16.67  16.67  16.67  16.67         16.6700       0   

            dividend amount  split coefficient  
2011-06-01              0.0                1.0  
2011-06-02              0.0                1.0  
2011-06-03              0.0                1.0  
2011-06-06              0.0                1.0  
2011-06-07              0.0                1.0  
...                     ...                ...  
2020-04-09              0.0                1.0  
2020-04-13              0.0                1.0  
2020-04-14              0.0                1.0  
2020-04-15              0.0                1.0  
2020-04-16              0.0                1.0  

[2234 rows x 8 columns]"
RPM,"             open   high    low  close  adjusted close   volume  \
2011-01-03  22.33  22.54  22.24  22.30         17.3677   360100   
2011-01-04  22.07  22.32  21.50  21.77         16.9549  1182900   
2011-01-05  21.64  21.95  21.64  21.82         16.9939   678900   
2011-01-06  21.89  22.47  21.80  22.23         17.3132   903400   
2011-01-07  22.35  22.88  22.32  22.38         17.4300   838300   
...           ...    ...    ...    ...             ...      ...   
2020-04-13  65.00  65.34  62.60  64.74         64.3797   733077   
2020-04-14  66.25  67.75  66.19  66.77         66.3984   913889   
2020-04-15  64.19  65.32  63.00  64.33         64.3300   618202   
2020-04-16  64.71  65.08  62.81  64.61         64.6100   626165   
2020-04-17  65.14  67.78  65.14  65.47         65.4700   573121   

            dividend amount  split coefficient  
2011-01-03             0.00                1.0  
2011-01-04             0.00                1.0  
2011-01-05             0.00                1.0  
2011-01-06             0.00                1.0  
2011-01-07             0.00                1.0  
...                     ...                ...  
2020-04-13             0.00                1.0  
2020-04-14             0.00                1.0  
2020-04-15             0.36                1.0  
2020-04-16             0.00                1.0  
2020-04-17             0.00                1.0  

[2338 rows x 8 columns]"
WMB,"             open    high    low  close  adjusted close    volume  \
2011-01-03  24.97  25.200  24.66  24.72         12.6230   8968200   
2011-01-04  24.70  24.800  24.30  24.54         12.5311   7622300   
2011-01-05  24.40  24.740  24.26  24.58         12.5516   6443300   
2011-01-06  24.68  24.680  24.26  24.53         12.5260   3980600   
2011-01-07  24.62  24.950  24.39  24.92         12.7252   7489000   
...           ...     ...    ...    ...             ...       ...   
2020-04-13  16.92  17.290  16.60  17.10         17.1000  15167752   
2020-04-14  17.09  17.500  17.00  17.31         17.3100  13706766   
2020-04-15  16.42  16.990  16.27  16.81         16.8100  13693586   
2020-04-16  16.64  16.910  16.37  16.59         16.5900  10408797   
2020-04-17  16.92  17.925  16.90  17.66         17.6600   7824412   

            dividend amount  split coefficient  
2011-01-03              0.0                1.0  
2011-01-04              0.0                1.0  
2011-01-05              0.0                1.0  
2011-01-06              0.0                1.0  
2011-01-07              0.0                1.0  
...                     ...                ...  
2020-04-13              0.0                1.0  
2020-04-14              0.0                1.0  
2020-04-15              0.0                1.0  
2020-04-16              0.0                1.0  
2020-04-17              0.0                1.0  

[2338 rows x 8 columns]"
LNG,"             open    high    low  close  adjusted close   volume  \
2011-01-03   5.62   6.650   5.57   6.42            6.42  6805100   
2011-01-04   6.57   6.620   5.93   6.27            6.27  4339000   
2011-01-05   6.18   6.490   6.16   6.39            6.39  2157100   
2011-01-06   6.51   6.830   6.39   6.56            6.56  4221400   
2011-01-07   6.78   7.250   6.61   7.20            7.20  6561800   
...           ...     ...    ...    ...             ...      ...   
2020-04-13  39.06  39.376  37.01  38.26           38.26  1723054   
2020-04-14  38.49  39.970  38.18  39.64           39.64  2540434   
2020-04-15  37.93  39.890  37.93  39.66           39.66  3478234   
2020-04-16  39.68  39.740  37.10  38.39           38.39  2693027   
2020-04-17  38.38  40.880  38.38  40.59           40.59  1666579   

            dividend amount  split coefficient  
2011-01-03              0.0                1.0  
2011-01-04              0.0                1.0  
2011-01-05              0.0                1.0  
2011-01-06              0.0                1.0  
2011-01-07              0.0                1.0  
...                     ...                ...  
2020-04-13              0.0                1.0  
2020-04-14              0.0                1.0  
2020-04-15              0.0                1.0  
2020-04-16              0.0                1.0  
2020-04-17              0.0                1.0  

[2338 rows x 8 columns]"
ORCL,"             open    high     low  close  adjusted close    volume  \
2011-01-03  31.59  31.940  31.525  31.62         27.8287  20970400   
2011-01-04  31.60  31.750  31.135  31.48         27.7055  22870800   
2011-01-05  31.32  31.440  30.980  31.04         27.3183  36339600   
2011-01-06  31.19  31.200  31.020  31.17         27.4327  21859400   
2011-01-07  31.24  31.340  30.930  31.03         27.3095  27697900   
...           ...     ...     ...    ...             ...       ...   
2020-04-13  52.70  53.140  52.400  52.97         52.9700  12693965   
2020-04-14  53.71  54.100  53.450  54.00         54.0000  11674548   
2020-04-15  53.21  53.453  52.810  53.16         53.1600  10398060   
2020-04-16  53.15  53.870  53.070  53.70         53.7000  13889691   
2020-04-17  54.52  54.690  54.165  54.21         54.2100   6607714   

            dividend amount  split coefficient  
2011-01-03              0.0                1.0  
2011-01-04              0.0                1.0  
2011-01-05              0.0                1.0  
2011-01-06              0.0                1.0  
2011-01-07              0.0                1.0  
...                     ...                ...  
2020-04-13              0.0                1.0  
2020-04-14              0.0                1.0  
2020-04-15              0.0                1.0  
2020-04-16              0.0                1.0  
2020-04-17              0.0                1.0  

[2338 rows x 8 columns]"
VIAC,"             open    high    low  close  adjusted close    volume  \
2011-01-03  19.27  19.390  19.17  19.28         16.9983   8623393   
2011-01-04  19.27  19.450  18.98  19.42         17.1218   8311993   
2011-01-05  19.28  19.480  19.18  19.20         16.9278   5986209   
2011-01-06  19.16  19.490  19.00  19.47         17.1658   6975480   
2011-01-07  19.47  19.650  18.99  19.25         16.9719   6910434   
...           ...     ...    ...    ...             ...       ...   
2020-04-09  16.72  17.135  16.09  16.56         16.5600  15991736   
2020-04-13  16.75  16.860  15.64  16.06         16.0600  11912794   
2020-04-14  16.41  16.630  15.37  16.27         16.2700  14021384   
2020-04-15  15.57  15.750  15.00  15.20         15.2000  11604542   
2020-04-16  15.15  15.160  14.39  14.63         14.6300  11589248   

            dividend amount  split coefficient  
2011-01-03              0.0                1.0  
2011-01-04              0.0                1.0  
2011-01-05              0.0                1.0  
2011-01-06              0.0                1.0  
2011-01-07              0.0                1.0  
...                     ...                ...  
2020-04-09              0.0                1.0  
2020-04-13              0.0                1.0  
2020-04-14              0.0                1.0  
2020-04-15              0.0                1.0  
2020-04-16              0.0                1.0  

[2337 rows x 8 columns]"
GPK,"             open    high     low   close  adjusted close   volume  \
2011-01-03   4.01   4.050   3.990   4.050          3.6116   456800   
2011-01-04   4.05   4.050   3.910   4.030          3.5938   230900   
2011-01-05   4.03   4.120   4.000   4.100          3.6562   333100   
2011-01-06   4.10   4.100   3.990   4.060          3.6205   617100   
2011-01-07   4.08   4.150   4.030   4.150          3.7008   284100   
...           ...     ...     ...     ...             ...      ...   
2020-04-13  13.02  13.145  12.765  12.970         12.9700  4931243   
2020-04-14  13.25  13.310  12.925  13.060         13.0600  4491687   
2020-04-15  12.80  13.200  12.730  12.830         12.8300  6737388   
2020-04-16  12.90  13.010  12.595  12.920         12.9200  4436042   
2020-04-17  13.18  13.260  12.910  13.155         13.1550  1967341   

            dividend amount  split coefficient  
2011-01-03              0.0                1.0  
2011-01-04              0.0                1.0  
2011-01-05              0.0                1.0  
2011-01-06              0.0                1.0  
2011-01-07              0.0                1.0  
...                     ...                ...  
2020-04-13              0.0                1.0  
2020-04-14              0.0                1.0  
2020-04-15              0.0                1.0  
2020-04-16              0.0                1.0  
2020-04-17              0.0                1.0  

[2338 rows x 8 columns]"
VZ,"             open   high      low   close  adjusted close    volume  \
2011-01-03  36.06  36.45  35.8800  36.430         23.5292  20099500   
2011-01-04  36.62  37.17  36.4400  37.160         24.0007  22668600   
2011-01-05  37.07  37.70  36.9100  37.670         24.3301  33918500   
2011-01-06  37.23  37.30  36.0300  36.230         23.7149  35700400   
2011-01-07  36.04  36.04  35.4100  35.930         23.5185  29542600   
...           ...    ...      ...     ...             ...       ...   
2020-04-13  57.39  57.60  56.3600  56.670         56.6700  12972605   
2020-04-14  57.31  58.40  56.9600  58.140         58.1400  16761683   
2020-04-15  57.56  58.01  56.7100  56.930         56.9300  18368218   
2020-04-16  57.29  58.00  56.8537  57.660         57.6600  17681644   
2020-04-17  58.06  58.68  57.9100  57.955         57.9550   8248584   

            dividend amount  split coefficient  
2011-01-03           0.0000                1.0  
2011-01-04           0.0000                1.0  
2011-01-05           0.0000                1.0  
2011-01-06           0.4875                1.0  
2011-01-07           0.0000                1.0  
...                     ...                ...  
2020-04-13           0.0000                1.0  
2020-04-14           0.0000                1.0  
2020-04-15           0.0000                1.0  
2020-04-16           0.0000                1.0  
2020-04-17           0.0000                1.0  

[2338 rows x 8 columns]"
WES,"             open   high    low   close  adjusted close   volume  \
2012-12-10  27.64  27.97  27.53  27.750         19.6194   693096   
2012-12-11  27.69  28.30  27.57  27.830         19.6760   379621   
2012-12-12  27.61  28.65  27.61  28.000         19.7962   456633   
2012-12-13  27.85  27.85  27.12  27.650         19.5487   239047   
2012-12-14  27.50  27.94  27.21  27.600         19.5134   156208   
...           ...    ...    ...     ...             ...      ...   
2020-04-13   6.00   6.19   5.60   5.910          5.9100  5312530   
2020-04-14   6.00   6.23   5.51   5.720          5.7200  4953642   
2020-04-15   5.57   5.57   5.01   5.170          5.1700  4405392   
2020-04-16   5.26   5.39   5.00   5.000          5.0000  2106710   
2020-04-17   5.05   5.54   5.01   5.365          5.3650  1915328   

            dividend amount  split coefficient  
2012-12-10              0.0                1.0  
2012-12-11              0.0                1.0  
2012-12-12              0.0                1.0  
2012-12-13              0.0                1.0  
2012-12-14              0.0                1.0  
...                     ...                ...  
2020-04-13              0.0                1.0  
2020-04-14              0.0                1.0  
2020-04-15              0.0                1.0  
2020-04-16              0.0                1.0  
2020-04-17              0.0                1.0  

[1851 rows x 8 columns]"
SHLX,"             open     high      low  close  adjusted close    volume  \
2014-10-29  32.00  33.6500  31.5000  33.55         25.9132  33437095   
2014-10-30  36.59  37.4800  36.5000  36.78         28.4080    386890   
2014-10-31  33.87  33.9200  33.3100  33.69         26.0213    779010   
2014-11-03  34.43  34.6600  33.7500  33.80         26.1063    854720   
2014-11-04  33.82  33.9500  31.7500  32.59         25.1717    994400   
...           ...      ...      ...    ...             ...       ...   
2020-04-13  11.76  12.0500  10.8000  11.07         11.0700   1297257   
2020-04-14  11.00  11.8200  11.0000  11.80         11.8000   1630067   
2020-04-15  11.23  11.6492  10.6900  10.81         10.8100   1698932   
2020-04-16  10.79  11.0200  10.5100  10.51         10.5100   1160675   
2020-04-17  10.91  11.1900  10.7079  11.09         11.0900   1410890   

            dividend amount  split coefficient  
2014-10-29              0.0                1.0  
2014-10-30              0.0                1.0  
2014-10-31              0.0                1.0  
2014-11-03              0.0                1.0  
2014-11-04              0.0                1.0  
...                     ...                ...  
2020-04-13              0.0                1.0  
2020-04-14              0.0                1.0  
2020-04-15              0.0                1.0  
2020-04-16              0.0                1.0  
2020-04-17              0.0                1.0  

[1376 rows x 8 columns]"
OKE,"             open   high     low  close  adjusted close   volume  \
2011-01-03  55.84  56.58  55.800  56.43         16.1637   606250   
2011-01-04  56.20  56.31  55.230  55.62         15.9316   774150   
2011-01-05  55.09  55.51  55.090  55.38         15.8629   572550   
2011-01-06  55.49  55.82  55.330  55.70         15.9546   851700   
2011-01-07  55.72  56.00  55.550  55.82         15.9889   904950   
...           ...    ...     ...    ...             ...      ...   
2020-04-13  30.50  30.94  27.821  29.22         29.2200  8138615   
2020-04-14  29.89  30.51  28.960  30.47         30.4700  7599781   
2020-04-15  28.69  29.25  27.300  27.41         27.4100  7819025   
2020-04-16  27.31  27.31  25.920  26.57         26.5700  5367993   
2020-04-17  27.49  29.29  27.450  28.83         28.8300  4139372   

            dividend amount  split coefficient  
2011-01-03              0.0                1.0  
2011-01-04              0.0                1.0  
2011-01-05              0.0                1.0  
2011-01-06              0.0                1.0  
2011-01-07              0.0                1.0  
...                     ...                ...  
2020-04-13              0.0                1.0  
2020-04-14              0.0                1.0  
2020-04-15              0.0                1.0  
2020-04-16              0.0                1.0  
2020-04-17              0.0                1.0  

[2338 rows x 8 columns]"
PSXP,"             open    high    low  close  adjusted close    volume  \
2013-07-23  28.98  30.440  28.10  29.70         22.7011  16834086   
2013-07-24  29.98  30.250  29.64  29.93         22.8769   1202791   
2013-07-25  30.00  31.690  29.95  31.24         23.8782   1224237   
2013-07-26  31.88  34.760  31.56  34.34         26.2476   1234215   
2013-07-29  35.83  35.943  32.37  32.70         24.9941    982658   
...           ...     ...    ...    ...             ...       ...   
2020-04-13  37.12  39.360  36.15  37.81         37.8100    606650   
2020-04-14  38.77  41.390  38.15  40.55         40.5500    789970   
2020-04-15  39.48  39.770  38.15  39.24         39.2400    858896   
2020-04-16  39.17  40.370  38.18  39.69         39.6900    444960   
2020-04-17  40.85  42.400  40.36  40.64         40.6400    676195   

            dividend amount  split coefficient  
2013-07-23              0.0                1.0  
2013-07-24              0.0                1.0  
2013-07-25              0.0                1.0  
2013-07-26              0.0                1.0  
2013-07-29              0.0                1.0  
...                     ...                ...  
2020-04-13              0.0                1.0  
2020-04-14              0.0                1.0  
2020-04-15              0.0                1.0  
2020-04-16              0.0                1.0  
2020-04-17              0.0                1.0  

[1697 rows x 8 columns]"
BMEZ,"             open     high      low    close  adjusted close   volume  \
2020-01-29  20.01  20.1300  20.0000  20.0400         19.9343  2305307   
2020-01-30  20.08  20.4000  20.0500  20.3700         20.2626   822800   
2020-01-31  20.37  20.4000  20.2400  20.3242         20.2170   449215   
2020-02-03  20.39  20.4000  20.2600  20.3000         20.1929   264506   
2020-02-04  20.39  20.6400  20.3100  20.5900         20.4814   389808   
2020-02-05  20.59  20.7450  20.4800  20.6900         20.5809   335074   
2020-02-06  20.75  20.9500  20.6500  20.8800         20.7699   338460   
2020-02-07  21.00  21.0830  20.8800  20.9800         20.8693   356787   
2020-02-10  20.97  21.2500  20.9200  21.2200         21.1081   305198   
2020-02-11  21.33  21.7500  21.2500  21.7500         21.6353   431535   
2020-02-12  21.90  21.9000  21.4000  21.4600         21.3468   278423   
2020-02-13  21.38  21.6900  21.3251  21.4400         21.3269   318188   
2020-02-14  21.60  21.7200  21.1500  21.5400         21.4264   315305   
2020-02-18  21.60  21.6000  21.2500  21.2900         21.1777   157295   
2020-02-19  21.50  21.8500  21.3725  21.5600         21.4463   242931   
2020-02-20  21.55  21.7000  21.5000  21.6400         21.5259   217155   
2020-02-21  21.64  21.6556  21.1000  21.1800         21.0683   302207   
2020-02-24  20.87  21.1800  20.7600  21.1800         21.0683   135569   
2020-02-25  21.28  21.4100  20.7800  20.8600         20.7500   222603   
2020-02-26  20.90  21.2300  20.7139  20.9900         20.8793   208008   
2020-02-27  20.88  20.9600  20.0000  20.4000         20.2924   339215   
2020-02-28  20.00  20.4400  19.9900  20.0000         19.8945   438128   
2020-03-02  20.04  20.3365  20.0000  20.0000         19.8945  1233684   
2020-03-03  20.10  20.1443  20.0000  20.0100         19.9045   277465   
2020-03-04  20.12  20.2500  20.0900  20.0900         19.9840   295715   
2020-03-05  20.09  20.1800  20.0000  20.0000         19.8945   344731   
2020-03-06  20.00  20.0500  20.0000  20.0000         19.8945   197529   
2020-03-09  19.47  20.0600  19.4510  20.0000         19.8945  1062542   
2020-03-10  20.02  20.1700  19.5000  19.6200         19.5165   522517   
2020-03-11  19.50  19.6500  19.4000  19.5100         19.4071   391293   
2020-03-12  19.40  19.7000  18.2500  18.5000         18.4024  1838169   
2020-03-13  18.50  20.1900  18.5000  20.0000         19.8945  1457817   
2020-03-16  18.65  18.9687  16.1300  16.6100         16.5224   567405   
2020-03-17  16.75  17.6600  14.7400  14.9000         14.8214   423017   
2020-03-18  14.75  14.7500  12.9400  13.1700         13.1005   742447   
2020-03-19  12.67  15.8300  12.6700  14.0000         13.9262   514021   
2020-03-20  15.97  16.3500  14.0000  14.0000         13.9262   506635   
2020-03-23  14.00  14.4271  12.6000  13.9800         13.9063   521025   
2020-03-24  14.30  16.0000  14.3000  16.0000         15.9156   367697   
2020-03-25  16.20  17.4800  15.9650  16.8300         16.7412   381643   
2020-03-26  16.40  17.8800  16.2711  17.4600         17.3679   444288   
2020-03-27  17.46  17.9000  16.5100  17.4500         17.3580   384307   
2020-03-30  17.71  17.9000  16.8700  17.4300         17.3381   248143   
2020-03-31  17.50  17.9900  17.5000  17.9000         17.8056   282997   
2020-04-01  17.50  17.8200  16.9200  16.9900         16.9004   169992   
2020-04-02  16.98  17.6000  16.5000  16.9000         16.8109   174364   
2020-04-03  17.50  17.7500  16.9680  17.2800         17.1889   182012   
2020-04-06  17.99  17.9900  17.3317  17.5300         17.4375   191654   
2020-04-07  17.99  18.1815  17.4000  17.6600         17.5669   363770   
2020-04-08  17.99  18.1200  17.5772  17.9550         17.8603   231933   
2020-04-09  18.08  19.1900  18.0800  19.0000         18.8998   322179   
2020-04-13  19.21  19.2100  17.9200  18.9500         18.8501   230533   
2020-04-14  19.02  19.5300  18.8000  18.8600         18.8600   402186   
2020-04-15  18.50  18.9200  18.4500  18.8100         18.8100   244151   
2020-04-16  19.00  19.1300  18.5100  18.9654         18.9654   272591   
2020-04-17  19.50  19.5700  18.9500  19.5001         19.5001   209989   

            dividend amount  split coefficient  
2020-01-29              0.0                1.0  
2020-01-30              0.0                1.0  
2020-01-31              0.0                1.0  
2020-02-03              0.0                1.0  
2020-02-04              0.0                1.0  
2020-02-05              0.0                1.0  
2020-02-06              0.0                1.0  
2020-02-07              0.0                1.0  
2020-02-10              0.0                1.0  
2020-02-11              0.0                1.0  
2020-02-12              0.0                1.0  
2020-02-13              0.0                1.0  
2020-02-14              0.0                1.0  
2020-02-18              0.0                1.0  
2020-02-19              0.0                1.0  
2020-02-20              0.0                1.0  
2020-02-21              0.0                1.0  
2020-02-24              0.0                1.0  
2020-02-25              0.0                1.0  
2020-02-26              0.0                1.0  
2020-02-27              0.0                1.0  
2020-02-28              0.0                1.0  
2020-03-02              0.0                1.0  
2020-03-03              0.0                1.0  
2020-03-04              0.0                1.0  
2020-03-05              0.0                1.0  
2020-03-06              0.0                1.0  
2020-03-09              0.0                1.0  
2020-03-10              0.0                1.0  
2020-03-11              0.0                1.0  
2020-03-12              0.0                1.0  
2020-03-13              0.0                1.0  
2020-03-16              0.0                1.0  
2020-03-17              0.0                1.0  
2020-03-18              0.0                1.0  
2020-03-19              0.0                1.0  
2020-03-20              0.0                1.0  
2020-03-23              0.0                1.0  
2020-03-24              0.0                1.0  
2020-03-25              0.0                1.0  
2020-03-26              0.0                1.0  
2020-03-27              0.0                1.0  
2020-03-30              0.0                1.0  
2020-03-31              0.0                1.0  
2020-04-01              0.0                1.0  
2020-04-02              0.0                1.0  
2020-04-03              0.0                1.0  
2020-04-06              0.0                1.0  
2020-04-07              0.0                1.0  
2020-04-08              0.0                1.0  
2020-04-09              0.0                1.0  
2020-04-13              0.0                1.0  
2020-04-14              0.1                1.0  
2020-04-15              0.0                1.0  
2020-04-16              0.0                1.0  
2020-04-17              0.0                1.0  "
INTU,"              open     high      low   close  adjusted close   volume  \
2011-01-03   49.68   50.540   49.680   49.83         45.5536  3190300   
2011-01-04   49.79   50.200   48.840   49.29         45.0599  2220600   
2011-01-05   49.03   49.520   48.242   48.74         44.5571  3441500   
2011-01-06   48.87   48.900   48.171   48.30         44.1549  3327700   
2011-01-07   48.41   48.745   47.960   48.39         44.2372  2298700   
...            ...      ...      ...     ...             ...      ...   
2020-04-09  246.81  254.940  245.870  252.10        252.1000  1646857   
2020-04-13  250.71  252.770  244.560  250.09        250.0900  1298871   
2020-04-14  257.18  262.350  252.660  261.32        261.3200  1817931   
2020-04-15  256.95  257.470  250.730  251.96        251.9600  1198795   
2020-04-16  256.15  259.470  251.840  257.44        257.4400  1086824   

            dividend amount  split coefficient  
2011-01-03             0.00                1.0  
2011-01-04             0.00                1.0  
2011-01-05             0.00                1.0  
2011-01-06             0.00                1.0  
2011-01-07             0.00                1.0  
...                     ...                ...  
2020-04-09             0.53                1.0  
2020-04-13             0.00                1.0  
2020-04-14             0.00                1.0  
2020-04-15             0.00                1.0  
2020-04-16             0.00                1.0  

[2337 rows x 8 columns]"
CTVA,"             open     high     low   close  adjusted close   volume  \
2019-05-24  29.75  32.0000  28.500  29.000         28.5962    43994   
2019-05-28  29.25  30.5000  28.510  28.765         28.3644    61544   
2019-05-29  29.90  29.9000  27.660  28.500         28.1031   207765   
2019-05-30  28.99  29.1600  28.220  28.800         28.3989   666050   
2019-05-31  28.50  28.5900  26.970  26.970         26.5944   853801   
...           ...      ...     ...     ...             ...      ...   
2020-04-13  27.32  27.4900  25.900  26.560         26.5600  3453852   
2020-04-14  27.59  27.8450  26.040  26.440         26.4400  2850224   
2020-04-15  26.07  26.1500  24.615  25.510         25.5100  2927130   
2020-04-16  25.38  25.7439  24.580  25.160         25.1600  2663490   
2020-04-17  25.94  26.3150  24.985  25.040         25.0400  2420740   

            dividend amount  split coefficient  
2019-05-24              0.0                1.0  
2019-05-28              0.0                1.0  
2019-05-29              0.0                1.0  
2019-05-30              0.0                1.0  
2019-05-31              0.0                1.0  
...                     ...                ...  
2020-04-13              0.0                1.0  
2020-04-14              0.0                1.0  
2020-04-15              0.0                1.0  
2020-04-16              0.0                1.0  
2020-04-17              0.0                1.0  

[227 rows x 8 columns]"
VMC,"              open    high     low    close  adjusted close   volume  \
2011-01-03   44.91   45.22   44.36   44.460         41.5912  1527200   
2011-01-04   43.41   43.64   41.78   42.140         39.4209  2475200   
2011-01-05   41.72   42.12   40.52   41.260         38.5977  3242200   
2011-01-06   41.23   41.37   40.29   40.490         37.8774  1942300   
2011-01-07   40.50   40.99   39.95   40.500         37.8867  1498600   
...            ...     ...     ...      ...             ...      ...   
2020-04-13  113.88  114.79  108.39  109.430        109.4300  1522490   
2020-04-14  111.15  112.90  108.98  112.470        112.4700  1209270   
2020-04-15  108.80  110.21  106.59  110.180        110.1800  1659406   
2020-04-16  109.66  110.05  105.05  106.230        106.2300  1708776   
2020-04-17  109.24  112.26  108.15  111.205        111.2050   668690   

            dividend amount  split coefficient  
2011-01-03              0.0                1.0  
2011-01-04              0.0                1.0  
2011-01-05              0.0                1.0  
2011-01-06              0.0                1.0  
2011-01-07              0.0                1.0  
...                     ...                ...  
2020-04-13              0.0                1.0  
2020-04-14              0.0                1.0  
2020-04-15              0.0                1.0  
2020-04-16              0.0                1.0  
2020-04-17              0.0                1.0  

[2338 rows x 8 columns]"
RHT,"              open      high     low   close  adjusted close   volume  \
2011-01-03   46.06   46.8900   46.05   46.56           46.56  1707500   
2011-01-04   46.59   46.7699   45.98   46.15           46.15  1981400   
2011-01-05   46.02   46.8300   45.75   46.55           46.55   980200   
2011-01-06   46.44   46.7100   46.02   46.25           46.25  1141700   
2011-01-07   46.20   46.3500   45.08   45.71           45.71  1682300   
...            ...       ...     ...     ...             ...      ...   
2019-07-02  188.40  188.4000  187.90  188.18          188.18  1919325   
2019-07-03  187.65  187.9500  187.48  187.70          187.70  2290383   
2019-07-05  187.60  187.9300  187.51  187.71          187.71  1094080   
2019-07-08  187.70  187.8100  187.60  187.71          187.71   999351   
2020-04-17    0.00    0.0000    0.00  187.70          187.70        0   

            dividend amount  split coefficient  
2011-01-03              0.0                1.0  
2011-01-04              0.0                1.0  
2011-01-05              0.0                1.0  
2011-01-06              0.0                1.0  
2011-01-07              0.0                1.0  
...                     ...                ...  
2019-07-02              0.0                1.0  
2019-07-03              0.0                1.0  
2019-07-05              0.0                1.0  
2019-07-08              0.0                1.0  
2020-04-17              0.0                1.0  

[2142 rows x 8 columns]"
WEX,"              open     high      low   close  adjusted close  volume  \
2011-01-03   46.18   47.210   46.030   46.91           46.91  192600   
2011-01-04   47.03   47.220   45.587   46.47           46.47  200800   
2011-01-05   46.36   47.580   45.780   47.52           47.52  201100   
2011-01-06   47.38   48.690   47.275   48.29           48.29  283000   
2011-01-07   48.44   48.810   46.571   46.99           46.99  202400   
...            ...      ...      ...     ...             ...     ...   
2020-04-13  122.15  122.150  113.370  115.41          115.41  539554   
2020-04-14  118.59  119.825  111.360  112.48          112.48  696506   
2020-04-15  106.51  109.000  104.180  108.74          108.74  418719   
2020-04-16  110.09  110.990  102.540  106.72          106.72  453904   
2020-04-17  112.80  115.390  110.480  113.06          113.06  275682   

            dividend amount  split coefficient  
2011-01-03              0.0                1.0  
2011-01-04              0.0                1.0  
2011-01-05              0.0                1.0  
2011-01-06              0.0                1.0  
2011-01-07              0.0                1.0  
...                     ...                ...  
2020-04-13              0.0                1.0  
2020-04-14              0.0                1.0  
2020-04-15              0.0                1.0  
2020-04-16              0.0                1.0  
2020-04-17              0.0                1.0  

[2338 rows x 8 columns]"
VGR,"             open   high     low  close  adjusted close   volume  \
2011-01-03  17.40  17.49  17.320  17.45          4.8480   316700   
2011-01-04  17.50  17.50  17.320  17.43          4.8424   423500   
2011-01-05  17.50  17.66  17.440  17.66          4.9063   365600   
2011-01-06  17.66  17.76  17.600  17.71          4.9202   296500   
2011-01-07  17.69  17.70  17.550  17.60          4.8896   471600   
...           ...    ...     ...    ...             ...      ...   
2020-04-13  10.39  10.45   9.975  10.08         10.0800   687951   
2020-04-14  10.28  10.50  10.140  10.37         10.3700   874600   
2020-04-15  10.19  10.19   9.750  10.04         10.0400  1082592   
2020-04-16  10.13  10.19   9.270   9.65          9.6500  1627721   
2020-04-17   9.82  10.12   9.490   9.64          9.6400   826480   

            dividend amount  split coefficient  
2011-01-03              0.0                1.0  
2011-01-04              0.0                1.0  
2011-01-05              0.0                1.0  
2011-01-06              0.0                1.0  
2011-01-07              0.0                1.0  
...                     ...                ...  
2020-04-13              0.0                1.0  
2020-04-14              0.0                1.0  
2020-04-15              0.0                1.0  
2020-04-16              0.0                1.0  
2020-04-17              0.0                1.0  

[2338 rows x 8 columns]"
INFY,"             open     high     low  close  adjusted close    volume  \
2011-01-03  76.88  77.9200  76.810  77.53          7.9173    688012   
2011-01-04  77.34  77.5181  76.120  76.88          7.8510    654673   
2011-01-05  77.21  77.8500  76.290  77.38          7.9020    980112   
2011-01-06  76.97  77.6600  76.840  77.29          7.8928    696064   
2011-01-07  75.94  76.1700  75.020  75.76          7.7366   1748264   
...           ...      ...     ...    ...             ...       ...   
2020-04-13   8.50   8.5450   8.320   8.50          8.5000   5683995   
2020-04-14   8.59   8.7450   8.475   8.67          8.6700   7580954   
2020-04-15   8.28   8.4550   8.250   8.33          8.3300   8004380   
2020-04-16   8.30   8.3200   8.090   8.22          8.2200   9787042   
2020-04-17   8.45   8.5400   8.390   8.50          8.5000  10164034   

            dividend amount  split coefficient  
2011-01-03              0.0                1.0  
2011-01-04              0.0                1.0  
2011-01-05              0.0                1.0  
2011-01-06              0.0                1.0  
2011-01-07              0.0                1.0  
...                     ...                ...  
2020-04-13              0.0                1.0  
2020-04-14              0.0                1.0  
2020-04-15              0.0                1.0  
2020-04-16              0.0                1.0  
2020-04-17              0.0                1.0  

[2338 rows x 8 columns]"
NPSNY,"             open   high    low   close  adjusted close  volume  \
2011-01-03  59.20  59.20  59.05  59.050          7.8567    1245   
2011-01-04  59.00  59.60  59.00  59.600          7.9299    4703   
2011-01-05  58.38  58.60  58.25  58.310          7.7582    3150   
2011-01-06  57.22  57.29  56.40  56.400          7.5041    3942   
2011-01-07  56.02  56.49  56.02  56.150          7.4708     711   
...           ...    ...    ...     ...             ...     ...   
2020-04-09  29.02  29.08  28.38  28.450         28.4500  189070   
2020-04-13  28.68  28.89  27.77  28.160         28.1600  101801   
2020-04-14  28.50  29.00  28.45  28.930         28.9300  197036   
2020-04-15  28.51  28.99  28.23  28.885         28.8850  188351   
2020-04-16  30.24  30.37  29.87  30.200         30.2000  209945   

            dividend amount  split coefficient  
2011-01-03              0.0                1.0  
2011-01-04              0.0                1.0  
2011-01-05              0.0                1.0  
2011-01-06              0.0                1.0  
2011-01-07              0.0                1.0  
...                     ...                ...  
2020-04-09              0.0                1.0  
2020-04-13              0.0                1.0  
2020-04-14              0.0                1.0  
2020-04-15              0.0                1.0  
2020-04-16              0.0                1.0  

[2337 rows x 8 columns]"
MCO,"              open     high      low   close  adjusted close   volume  \
2011-01-03   26.82   26.975   26.640   26.89         23.7758  1902900   
2011-01-04   26.91   26.910   26.530   26.64         23.5548  2047900   
2011-01-05   26.49   27.320   26.490   27.32         24.1560  3323500   
2011-01-06   27.98   29.870   27.710   29.67         26.2338  6617000   
2011-01-07   29.77   30.090   29.030   29.29         25.8979  3431100   
...            ...      ...      ...     ...             ...      ...   
2020-04-13  238.80  240.000  229.585  231.09        231.0900   939955   
2020-04-14  238.25  240.904  235.210  237.76        237.7600   926948   
2020-04-15  230.42  233.440  227.790  229.83        229.8300   989036   
2020-04-16  231.11  238.000  229.630  234.71        234.7100  1263888   
2020-04-17  242.93  246.780  237.540  239.28        239.2800   639844   

            dividend amount  split coefficient  
2011-01-03              0.0                1.0  
2011-01-04              0.0                1.0  
2011-01-05              0.0                1.0  
2011-01-06              0.0                1.0  
2011-01-07              0.0                1.0  
...                     ...                ...  
2020-04-13              0.0                1.0  
2020-04-14              0.0                1.0  
2020-04-15              0.0                1.0  
2020-04-16              0.0                1.0  
2020-04-17              0.0                1.0  

[2338 rows x 8 columns]"
LVS,"             open     high      low  close  adjusted close    volume  \
2011-01-03  47.26  47.7500  45.2800  45.59         30.4496  34491000   
2011-01-04  46.37  47.7900  46.1300  47.73         31.8789  39306800   
2011-01-05  47.65  48.1500  47.0800  48.03         32.0793  25184900   
2011-01-06  48.58  48.5948  47.2600  47.64         31.8188  20434100   
2011-01-07  48.85  50.0000  48.1400  49.89         33.3216  44741300   
...           ...      ...      ...    ...             ...       ...   
2020-04-13  47.59  47.6250  45.5100  46.49         46.4900   4785317   
2020-04-14  47.59  48.2500  46.0900  48.13         48.1300   5198316   
2020-04-15  46.01  48.0000  45.6504  47.10         47.1000   6090390   
2020-04-16  47.17  47.5800  44.5500  45.90         45.9000   7464432   
2020-04-17  47.50  48.1900  46.2100  47.25         47.2500   4965834   

            dividend amount  split coefficient  
2011-01-03              0.0                1.0  
2011-01-04              0.0                1.0  
2011-01-05              0.0                1.0  
2011-01-06              0.0                1.0  
2011-01-07              0.0                1.0  
...                     ...                ...  
2020-04-13              0.0                1.0  
2020-04-14              0.0                1.0  
2020-04-15              0.0                1.0  
2020-04-16              0.0                1.0  
2020-04-17              0.0                1.0  

[2338 rows x 8 columns]"
KYCCF,"              open    high      low   close  adjusted close  volume  \
2016-01-04  538.20  540.32  535.385  540.28        268.3847     948   
2016-01-05  536.62  539.65  531.560  534.00        265.2651     250   
2016-01-06  521.14  522.52  509.000  522.30        259.4531     589   
2016-01-07  503.61  504.40  496.000  496.14        246.4581     445   
2016-01-08  504.60  504.60  500.000  500.04        248.3954     537   
...            ...     ...      ...     ...             ...     ...   
2020-04-09  348.50  348.50  327.250  337.01        337.0100    3949   
2020-04-13  337.99  342.21  337.500  342.00        342.0000    3892   
2020-04-14  325.00  351.00  325.000  346.00        346.0000    2801   
2020-04-15  329.50  362.50  329.500  339.99        339.9900    5147   
2020-04-16  329.50  343.90  329.500  342.63        342.6300    3197   

            dividend amount  split coefficient  
2016-01-04              0.0                1.0  
2016-01-05              0.0                1.0  
2016-01-06              0.0                1.0  
2016-01-07              0.0                1.0  
2016-01-08              0.0                1.0  
...                     ...                ...  
2020-04-09              0.0                1.0  
2020-04-13              0.0                1.0  
2020-04-14              0.0                1.0  
2020-04-15              0.0                1.0  
2020-04-16              0.0                1.0  

[1079 rows x 8 columns]"
SAFRY,"               open     high      low   close  adjusted close  volume  \
2011-01-03  30.5800  32.9600  30.5800  30.580          6.1184       0   
2011-01-04  30.5800  32.9600  30.5800  30.580          6.1184       0   
2011-01-05  30.5800  32.9600  30.5800  30.580          6.1184       0   
2011-01-06  30.5800  32.9600  30.5800  30.580          6.1184       0   
2011-01-07  30.5800  32.9600  30.5800  30.580          6.1184       0   
...             ...      ...      ...     ...             ...     ...   
2020-04-09  21.1300  21.9400  21.0301  21.625         21.6250  165591   
2020-04-13  22.2800  22.4999  21.0600  21.690         21.6900  211031   
2020-04-14  21.2125  22.1700  21.1900  21.650         21.6500  289180   
2020-04-15  20.1900  20.9100  19.5600  20.210         20.2100  235474   
2020-04-16  20.6300  20.6300  19.9100  20.160         20.1600  647140   

            dividend amount  split coefficient  
2011-01-03              0.0                1.0  
2011-01-04              0.0                1.0  
2011-01-05              0.0                1.0  
2011-01-06              0.0                1.0  
2011-01-07              0.0                1.0  
...                     ...                ...  
2020-04-09              0.0                1.0  
2020-04-13              0.0                1.0  
2020-04-14              0.0                1.0  
2020-04-15              0.0                1.0  
2020-04-16              0.0                1.0  

[2337 rows x 8 columns]"
HLT,"             open   high    low  close  adjusted close    volume  \
2013-12-12  21.30  21.92  21.25  21.50         43.4276  26543600   
2013-12-13  21.99  22.38  21.55  22.10         44.6395   2513400   
2013-12-16  23.13  25.95  21.52  21.52         43.4680   9680700   
2013-12-17  21.61  21.99  21.58  21.81         44.0538   4748000   
2013-12-18  21.83  22.18  21.66  21.83         44.0942   5864300   
...           ...    ...    ...    ...             ...       ...   
2020-04-13  68.53  68.90  64.32  66.64         66.6400   3996473   
2020-04-14  68.25  71.30  68.25  70.01         70.0100   4573109   
2020-04-15  66.04  71.28  65.61  69.87         69.8700   5802298   
2020-04-16  69.81  70.70  67.77  70.15         70.1500   4749676   
2020-04-17  74.67  75.09  72.73  74.22         74.2200   3004159   

            dividend amount  split coefficient  
2013-12-12              0.0                1.0  
2013-12-13              0.0                1.0  
2013-12-16              0.0                1.0  
2013-12-17              0.0                1.0  
2013-12-18              0.0                1.0  
...                     ...                ...  
2020-04-13              0.0                1.0  
2020-04-14              0.0                1.0  
2020-04-15              0.0                1.0  
2020-04-16              0.0                1.0  
2020-04-17              0.0                1.0  

[1597 rows x 8 columns]"
VSM,"             open     high    low  close  adjusted close    volume  \
2016-10-03  22.45  28.0000  22.43  28.00         27.5427  14100084   
2016-10-04  25.75  25.7500  24.35  24.49         24.0900   1284817   
2016-10-05  23.80  24.9250  23.47  23.68         23.2932   3157572   
2016-10-06  23.51  24.0228  23.32  23.44         23.0571   3389232   
2016-10-07  23.13  23.4800  22.92  23.38         22.9981   3502513   
...           ...      ...    ...    ...             ...       ...   
2019-10-09  52.99  52.9900  52.99  52.99         52.9900         0   
2019-10-10  52.99  52.9900  52.99  52.99         52.9900         0   
2019-10-11  52.99  52.9900  52.99  52.99         52.9900         0   
2019-10-14  52.99  52.9900  52.99  52.99         52.9900         0   
2019-10-24   0.00   0.0000   0.00  52.99         52.9900         0   

            dividend amount  split coefficient  
2016-10-03              0.0                1.0  
2016-10-04              0.0                1.0  
2016-10-05              0.0                1.0  
2016-10-06              0.0                1.0  
2016-10-07              0.0                1.0  
...                     ...                ...  
2019-10-09              0.0                1.0  
2019-10-10              0.0                1.0  
2019-10-11              0.0                1.0  
2019-10-14              0.0                1.0  
2019-10-24              0.0                1.0  

[764 rows x 8 columns]"
WF,"               open     high     low    close  adjusted close  volume  \
2011-01-03  42.2800  42.9399  42.280  42.9399         35.0098    7639   
2011-01-04  42.6501  42.7900  42.430  42.5200         34.6675    2399   
2011-01-05  41.6100  41.9600  41.610  41.9600         34.2109    2521   
2011-01-06  40.9100  41.0100  40.476  40.4760         33.0010    7247   
2011-01-07  40.6200  40.6200  40.415  40.5070         33.0262    2574   
...             ...      ...     ...      ...             ...     ...   
2020-04-13  19.6400  20.3200  19.190  19.4300         19.4300   59928   
2020-04-14  20.2900  20.5600  20.010  20.3700         20.3700  105962   
2020-04-15  19.5800  19.7700  19.310  19.7100         19.7100   60023   
2020-04-16  19.4200  19.8600  19.040  19.8600         19.8600   82459   
2020-04-17  20.0800  21.5700  20.080  20.6927         20.6927   47669   

            dividend amount  split coefficient  
2011-01-03              0.0                1.0  
2011-01-04              0.0                1.0  
2011-01-05              0.0                1.0  
2011-01-06              0.0                1.0  
2011-01-07              0.0                1.0  
...                     ...                ...  
2020-04-13              0.0                1.0  
2020-04-14              0.0                1.0  
2020-04-15              0.0                1.0  
2020-04-16              0.0                1.0  
2020-04-17              0.0                1.0  

[2338 rows x 8 columns]"
TCS,"             open     high     low  close  adjusted close    volume  \
2013-11-01  35.00  37.0000  32.100  36.20         34.0586  14667600   
2013-11-04  36.80  36.8000  34.690  35.35         33.2589   1586600   
2013-11-05  35.11  35.5000  34.821  35.35         33.2589    337700   
2013-11-06  35.61  36.4900  35.610  35.90         33.7763    549600   
2013-11-07  36.80  36.8000  34.120  35.31         33.2212    883700   
...           ...      ...     ...    ...             ...       ...   
2020-04-13   2.61   2.6400   2.290   2.50          2.5000    342360   
2020-04-14   2.50   2.5201   2.150   2.20          2.2000    392493   
2020-04-15   2.20   2.2200   2.020   2.04          2.0400    390975   
2020-04-16   2.04   2.0800   1.970   2.08          2.0800    438553   
2020-04-17   2.17   2.2700   2.020   2.12          2.1200    255678   

            dividend amount  split coefficient  
2013-11-01              0.0                1.0  
2013-11-04              0.0                1.0  
2013-11-05              0.0                1.0  
2013-11-06              0.0                1.0  
2013-11-07              0.0                1.0  
...                     ...                ...  
2020-04-13              0.0                1.0  
2020-04-14              0.0                1.0  
2020-04-15              0.0                1.0  
2020-04-16              0.0                1.0  
2020-04-17              0.0                1.0  

[1625 rows x 8 columns]"
BIDU,"              open      high     low   close  adjusted close   volume  \
2011-01-03   97.95  100.4593   97.58   99.73           99.73  7421700   
2011-01-04  100.00  101.4100   99.51  100.97          100.97  7197600   
2011-01-05  100.50  104.6600  100.11  104.63          104.63  8647100   
2011-01-06  105.04  106.1600  103.52  105.16          105.16  8623200   
2011-01-07  105.02  107.1100  104.38  106.95          106.95  9014200   
...            ...       ...     ...     ...             ...      ...   
2020-04-09   97.57  100.3700   96.40   99.00           99.00  5422296   
2020-04-13   98.71   99.9300   97.98   98.37           98.37  3171784   
2020-04-14   99.58  103.1100   99.56  100.92          100.92  3564536   
2020-04-15   98.64  100.9200   97.37  100.87          100.87  2771569   
2020-04-16  101.60  103.0300   99.67  102.82          102.82  4303424   

            dividend amount  split coefficient  
2011-01-03              0.0                1.0  
2011-01-04              0.0                1.0  
2011-01-05              0.0                1.0  
2011-01-06              0.0                1.0  
2011-01-07              0.0                1.0  
...                     ...                ...  
2020-04-09              0.0                1.0  
2020-04-13              0.0                1.0  
2020-04-14              0.0                1.0  
2020-04-15              0.0                1.0  
2020-04-16              0.0                1.0  

[2337 rows x 8 columns]"
CRSP,"             open     high    low  close  adjusted close   volume  \
2016-10-19  15.00  16.3200  14.01  14.09           14.09  1884289   
2016-10-20  14.06  14.2300  13.85  13.94           13.94   355603   
2016-10-21  14.00  14.1790  13.75  13.82           13.82   113857   
2016-10-24  14.05  14.1480  13.90  14.01           14.01   100745   
2016-10-25  14.15  14.4999  14.01  14.41           14.41    85089   
...           ...      ...    ...    ...             ...      ...   
2020-04-09  45.50  46.6629  44.49  45.75           45.75   755085   
2020-04-13  45.67  46.0400  42.83  46.01           46.01   590997   
2020-04-14  46.19  48.8800  46.19  48.39           48.39   923652   
2020-04-15  47.35  48.2400  46.01  48.13           48.13   534196   
2020-04-16  48.69  50.1450  48.30  49.51           49.51   631424   

            dividend amount  split coefficient  
2016-10-19              0.0                1.0  
2016-10-20              0.0                1.0  
2016-10-21              0.0                1.0  
2016-10-24              0.0                1.0  
2016-10-25              0.0                1.0  
...                     ...                ...  
2020-04-09              0.0                1.0  
2020-04-13              0.0                1.0  
2020-04-14              0.0                1.0  
2020-04-15              0.0                1.0  
2020-04-16              0.0                1.0  

[878 rows x 8 columns]"
TCMD,"             open     high    low  close  adjusted close   volume  \
2016-07-28  10.35  11.8800  10.00  11.08           11.08  1569054   
2016-07-29  11.00  11.9100  10.26  11.26           11.26   232697   
2016-08-01  11.60  12.0700  11.02  12.07           12.07   112857   
2016-08-02  11.88  13.2000  11.88  13.16           13.16   105448   
2016-08-03  13.20  13.7499  13.20  13.65           13.65    80071   
...           ...      ...    ...    ...             ...      ...   
2020-04-09  46.50  48.5400  45.37  48.54           48.54   328780   
2020-04-13  47.26  48.7800  46.59  47.67           47.67   261235   
2020-04-14  49.22  49.9400  46.66  49.64           49.64   306047   
2020-04-15  49.60  50.2100  45.18  46.95           46.95   349405   
2020-04-16  46.85  47.0400  45.56  46.50           46.50   337292   

            dividend amount  split coefficient  
2016-07-28              0.0                1.0  
2016-07-29              0.0                1.0  
2016-08-01              0.0                1.0  
2016-08-02              0.0                1.0  
2016-08-03              0.0                1.0  
...                     ...                ...  
2020-04-09              0.0                1.0  
2020-04-13              0.0                1.0  
2020-04-14              0.0                1.0  
2020-04-15              0.0                1.0  
2020-04-16              0.0                1.0  

[936 rows x 8 columns]"
VMW,"              open      high     low    close  adjusted close   volume  \
2011-01-03   89.50   94.1900   89.50   92.970         77.7661  2549300   
2011-01-04   93.44   93.7800   90.55   93.170         77.9334  1763300   
2011-01-05   92.39   95.4000   92.14   94.410         78.9706  1858800   
2011-01-06   94.49   95.0968   93.26   94.540         79.0794  1320200   
2011-01-07   94.50   95.4400   92.68   94.790         79.2885  2116400   
...            ...       ...     ...      ...             ...      ...   
2020-04-13  130.29  131.8900  127.77  129.930        129.9300  2218596   
2020-04-14  133.10  137.0000  131.64  136.060        136.0600  1954885   
2020-04-15  131.83  135.3900  131.83  133.540        133.5400  1561212   
2020-04-16  135.24  139.1300  134.09  135.300        135.3000  1697530   
2020-04-17  137.67  138.5000  134.44  135.215        135.2150   549537   

            dividend amount  split coefficient  
2011-01-03              0.0                1.0  
2011-01-04              0.0                1.0  
2011-01-05              0.0                1.0  
2011-01-06              0.0                1.0  
2011-01-07              0.0                1.0  
...                     ...                ...  
2020-04-13              0.0                1.0  
2020-04-14              0.0                1.0  
2020-04-15              0.0                1.0  
2020-04-16              0.0                1.0  
2020-04-17              0.0                1.0  

[2338 rows x 8 columns]"
UA,"             open    high      low  close  adjusted close   volume  \
2016-04-07  41.56  41.560  41.5600  41.56           41.56  4896800   
2016-04-08  41.61  44.350  41.3214  44.02           44.02  3602269   
2016-04-11  43.64  43.680  40.9700  41.46           41.46  4094387   
2016-04-12  41.25  41.660  40.2300  41.65           41.65  3613186   
2016-04-13  41.33  42.680  41.3300  41.80           41.80  4425060   
...           ...     ...      ...    ...             ...      ...   
2020-04-13   9.29   9.350   8.6000   8.73            8.73  2950906   
2020-04-14   9.08   9.190   8.7575   8.97            8.97  2363755   
2020-04-15   8.46   8.770   8.2500   8.65            8.65  3092045   
2020-04-16   8.66   8.660   8.2300   8.36            8.36  2429492   
2020-04-17   8.71   9.045   8.7000   8.83            8.83  1704167   

            dividend amount  split coefficient  
2016-04-07              0.0                1.0  
2016-04-08              0.0                1.0  
2016-04-11              0.0                1.0  
2016-04-12              0.0                1.0  
2016-04-13              0.0                1.0  
...                     ...                ...  
2020-04-13              0.0                1.0  
2020-04-14              0.0                1.0  
2020-04-15              0.0                1.0  
2020-04-16              0.0                1.0  
2020-04-17              0.0                1.0  

[1015 rows x 8 columns]"
FLR,"             open     high     low  close  adjusted close   volume  \
2011-01-03  67.13  68.5300  67.130  67.79         58.3119  1846000   
2011-01-04  66.55  66.9100  63.750  64.55         55.5249  4611700   
2011-01-05  65.16  66.0000  64.890  65.09         55.9894  3637300   
2011-01-06  65.16  65.4700  64.710  65.35         56.2131  2209600   
2011-01-07  65.64  66.3500  65.250  65.92         56.7034  1831500   
...           ...      ...     ...    ...             ...      ...   
2020-04-13   7.95   8.1000   7.140   7.59          7.5900  2537016   
2020-04-14   7.80   8.0602   7.460   7.69          7.6900  2083839   
2020-04-15   7.04   7.4750   6.930   7.36          7.3600  2825882   
2020-04-16   7.30   7.5100   7.055   7.21          7.2100  1903844   
2020-04-17   7.57   8.2700   7.500   8.05          8.0500  2077909   

            dividend amount  split coefficient  
2011-01-03              0.0                1.0  
2011-01-04              0.0                1.0  
2011-01-05              0.0                1.0  
2011-01-06              0.0                1.0  
2011-01-07              0.0                1.0  
...                     ...                ...  
2020-04-13              0.0                1.0  
2020-04-14              0.0                1.0  
2020-04-15              0.0                1.0  
2020-04-16              0.0                1.0  
2020-04-17              0.0                1.0  

[2338 rows x 8 columns]"
AEE,"             open   high     low  close  adjusted close   volume  \
2011-01-03  28.33  28.34  28.120  28.25         19.5794  1160000   
2011-01-04  28.32  28.49  28.065  28.46         19.7249  1859300   
2011-01-05  28.38  28.53  28.310  28.40         19.6834  2065600   
2011-01-06  28.41  28.43  28.140  28.29         19.6071  1327800   
2011-01-07  28.29  28.38  28.065  28.29         19.6071  1891900   
...           ...    ...     ...    ...             ...      ...   
2020-04-13  77.94  78.89  74.590  75.82         75.8200   980173   
2020-04-14  76.03  77.73  75.860  77.17         77.1700  1153636   
2020-04-15  76.02  76.25  74.170  75.50         75.5000  1436269   
2020-04-16  76.12  77.73  74.900  77.26         77.2600  1601384   
2020-04-17  78.75  78.84  76.090  76.97         76.9700   671901   

            dividend amount  split coefficient  
2011-01-03              0.0                1.0  
2011-01-04              0.0                1.0  
2011-01-05              0.0                1.0  
2011-01-06              0.0                1.0  
2011-01-07              0.0                1.0  
...                     ...                ...  
2020-04-13              0.0                1.0  
2020-04-14              0.0                1.0  
2020-04-15              0.0                1.0  
2020-04-16              0.0                1.0  
2020-04-17              0.0                1.0  

[2338 rows x 8 columns]"
WTR,"             open   high     low  close  adjusted close  volume  \
2011-01-03  22.55  22.80  22.500  22.68         14.4200  546240   
2011-01-04  22.69  22.76  22.510  22.71         14.4391  665760   
2011-01-05  22.63  22.80  22.540  22.71         14.4391  531680   
2011-01-06  22.49  22.62  22.380  22.43         14.2610  786560   
2011-01-07  22.45  22.83  22.425  22.79         14.4899  618880   
...           ...    ...     ...    ...             ...     ...   
2020-04-09  43.73  44.95  43.420  44.61         44.6100  830636   
2020-04-13  43.98  44.00  42.310  42.80         42.8000  707930   
2020-04-14  44.00  44.48  43.490  44.30         44.3000  579015   
2020-04-15  42.76  43.56  41.940  42.00         42.0000  794578   
2020-04-16  42.76  43.42  42.270  42.83         42.8300  675829   

            dividend amount  split coefficient  
2011-01-03              0.0                1.0  
2011-01-04              0.0                1.0  
2011-01-05              0.0                1.0  
2011-01-06              0.0                1.0  
2011-01-07              0.0                1.0  
...                     ...                ...  
2020-04-09              0.0                1.0  
2020-04-13              0.0                1.0  
2020-04-14              0.0                1.0  
2020-04-15              0.0                1.0  
2020-04-16              0.0                1.0  

[2337 rows x 8 columns]"
PRPFX,"             open   high    low  close  adjusted close  volume  \
2011-01-03  46.05  46.05  46.05  46.05         30.3490       0   
2011-01-04  45.45  45.45  45.45  45.45         29.9536       0   
2011-01-05  45.39  45.39  45.39  45.39         29.9140       0   
2011-01-06  45.33  45.33  45.33  45.33         29.8745       0   
2011-01-07  45.30  45.30  45.30  45.30         29.8547       0   
...           ...    ...    ...    ...             ...     ...   
2020-04-08  37.30  37.30  37.30  37.30         37.3000       0   
2020-04-09  38.16  38.16  38.16  38.16         38.1600       0   
2020-04-13  37.98  37.98  37.98  37.98         37.9800       0   
2020-04-14  38.49  38.49  38.49  38.49         38.4900       0   
2020-04-15  37.76  37.76  37.76  37.76         37.7600       0   

            dividend amount  split coefficient  
2011-01-03              0.0                1.0  
2011-01-04              0.0                1.0  
2011-01-05              0.0                1.0  
2011-01-06              0.0                1.0  
2011-01-07              0.0                1.0  
...                     ...                ...  
2020-04-08              0.0                1.0  
2020-04-09              0.0                1.0  
2020-04-13              0.0                1.0  
2020-04-14              0.0                1.0  
2020-04-15              0.0                1.0  

[2336 rows x 8 columns]"
IRET,"             open    high    low  close  adjusted close  volume  \
2011-01-03   9.02   9.080   8.96   9.06         52.0663  367600   
2011-01-04   9.09   9.090   8.86   8.87         50.9744  368400   
2011-01-05   8.83   8.950   8.82   8.92         51.2618  174500   
2011-01-06   8.90   8.920   8.83   8.85         50.8595  166600   
2011-01-07   8.89   8.920   8.77   8.87         50.9744  246000   
...           ...     ...    ...    ...             ...     ...   
2020-04-13  60.54  61.260  58.52  60.25         60.2500   91295   
2020-04-14  62.00  62.600  57.88  59.46         59.4600   97215   
2020-04-15  59.01  59.750  55.90  57.17         57.1700   69172   
2020-04-16  57.82  57.820  54.61  56.94         56.9400   81401   
2020-04-17  58.48  60.385  57.41  58.84         58.8400   18890   

            dividend amount  split coefficient  
2011-01-03              0.0                1.0  
2011-01-04              0.0                1.0  
2011-01-05              0.0                1.0  
2011-01-06              0.0                1.0  
2011-01-07              0.0                1.0  
...                     ...                ...  
2020-04-13              0.0                1.0  
2020-04-14              0.0                1.0  
2020-04-15              0.0                1.0  
2020-04-16              0.0                1.0  
2020-04-17              0.0                1.0  

[2338 rows x 8 columns]"
AJG,"             open   high      low  close  adjusted close   volume  \
2011-01-03  29.29  29.51  29.2410  29.45         22.1444   408600   
2011-01-04  29.50  29.50  29.0800  29.10         21.8812   305000   
2011-01-05  28.96  29.31  28.9300  29.12         21.8963   300100   
2011-01-06  29.05  29.29  28.9700  29.02         21.8211   312400   
2011-01-07  29.06  29.19  28.6700  28.84         21.6857   303700   
...           ...    ...      ...    ...             ...      ...   
2020-04-13  85.48  86.22  82.7500  83.57         83.5700   983245   
2020-04-14  85.66  88.30  85.0000  86.54         86.5400  1552358   
2020-04-15  84.50  86.48  82.8800  83.65         83.6500  1593667   
2020-04-16  83.85  84.24  80.5600  80.79         80.7900  1100017   
2020-04-17  83.29  83.63  81.6516  82.43         82.4300   976363   

            dividend amount  split coefficient  
2011-01-03              0.0                1.0  
2011-01-04              0.0                1.0  
2011-01-05              0.0                1.0  
2011-01-06              0.0                1.0  
2011-01-07              0.0                1.0  
...                     ...                ...  
2020-04-13              0.0                1.0  
2020-04-14              0.0                1.0  
2020-04-15              0.0                1.0  
2020-04-16              0.0                1.0  
2020-04-17              0.0                1.0  

[2338 rows x 8 columns]"
FNF,"             open    high      low  close  adjusted close   volume  \
2011-01-03  13.77  13.810  13.6300  13.70          7.6055  2127100   
2011-01-04  13.70  13.735  13.5200  13.63          7.5666  1461800   
2011-01-05  13.60  13.660  13.5700  13.61          7.5555  1790100   
2011-01-06  13.66  13.670  13.5500  13.59          7.5444  2226100   
2011-01-07  13.66  13.690  13.0800  13.12          7.2835  4079300   
...           ...     ...      ...    ...             ...      ...   
2020-04-13  28.68  28.840  26.9300  27.15         27.1500  2644880   
2020-04-14  27.80  28.555  27.6650  28.00         28.0000  3289853   
2020-04-15  26.88  27.310  26.1800  26.27         26.2700  4063970   
2020-04-16  26.30  26.540  25.6200  26.01         26.0100  3319494   
2020-04-17  27.07  27.860  26.5695  27.30         27.3000  1952401   

            dividend amount  split coefficient  
2011-01-03              0.0                1.0  
2011-01-04              0.0                1.0  
2011-01-05              0.0                1.0  
2011-01-06              0.0                1.0  
2011-01-07              0.0                1.0  
...                     ...                ...  
2020-04-13              0.0                1.0  
2020-04-14              0.0                1.0  
2020-04-15              0.0                1.0  
2020-04-16              0.0                1.0  
2020-04-17              0.0                1.0  

[2338 rows x 8 columns]"
CMO,"             open   high    low   close  adjusted close   volume  \
2011-01-03  12.63  12.78  12.61  12.710          5.2168   779100   
2011-01-04  12.69  12.71  12.56  12.610          5.1758   698900   
2011-01-05  12.60  12.75  12.58  12.730          5.2250   554400   
2011-01-06  12.75  12.86  12.70  12.720          5.2209   393400   
2011-01-07  12.74  12.83  12.65  12.720          5.2209   382900   
...           ...    ...    ...     ...             ...      ...   
2020-04-13   5.06   5.06   4.51   4.830          4.8300   974651   
2020-04-14   4.87   5.03   4.48   4.610          4.6100   833166   
2020-04-15   4.45   4.53   4.15   4.400          4.4000  1008004   
2020-04-16   4.39   4.47   4.17   4.380          4.3800  1444105   
2020-04-17   4.53   4.79   4.47   4.665          4.6650   587889   

            dividend amount  split coefficient  
2011-01-03              0.0                1.0  
2011-01-04              0.0                1.0  
2011-01-05              0.0                1.0  
2011-01-06              0.0                1.0  
2011-01-07              0.0                1.0  
...                     ...                ...  
2020-04-13              0.0                1.0  
2020-04-14              0.0                1.0  
2020-04-15              0.0                1.0  
2020-04-16              0.0                1.0  
2020-04-17              0.0                1.0  

[2338 rows x 8 columns]"
AIT,"             open   high      low  close  adjusted close  volume  \
2011-01-03  32.77  33.20  32.6300  32.99         27.0587  280800   
2011-01-04  33.09  33.10  32.0119  32.29         26.4845  338900   
2011-01-05  32.21  32.52  32.1700  32.49         26.6486  190100   
2011-01-06  32.54  32.54  31.9700  32.11         26.3369  163800   
2011-01-07  32.23  32.42  31.5800  32.05         26.2877  189400   
...           ...    ...      ...    ...             ...     ...   
2020-04-13  51.28  51.28  48.8650  49.31         49.3100  142027   
2020-04-14  50.82  51.28  49.6500  50.21         50.2100  123968   
2020-04-15  47.90  48.00  45.7000  45.93         45.9300  245327   
2020-04-16  45.75  46.70  43.9300  45.47         45.4700  293857   
2020-04-17  47.25  48.02  46.1900  47.01         47.0100  109591   

            dividend amount  split coefficient  
2011-01-03              0.0                1.0  
2011-01-04              0.0                1.0  
2011-01-05              0.0                1.0  
2011-01-06              0.0                1.0  
2011-01-07              0.0                1.0  
...                     ...                ...  
2020-04-13              0.0                1.0  
2020-04-14              0.0                1.0  
2020-04-15              0.0                1.0  
2020-04-16              0.0                1.0  
2020-04-17              0.0                1.0  

[2338 rows x 8 columns]"
AGCO,"             open     high    low   close  adjusted close   volume  \
2011-01-03  51.21  53.2200  51.09  52.890         49.5270  2281100   
2011-01-04  53.14  53.2100  51.17  52.220         48.8996  1176800   
2011-01-05  52.06  53.1800  51.60  52.890         49.5270  1325400   
2011-01-06  53.03  53.6900  51.85  52.340         49.0120  1561100   
2011-01-07  52.49  52.7800  50.78  51.980         48.6749  1525400   
...           ...      ...    ...     ...             ...      ...   
2020-04-13  51.90  52.6300  50.10  50.920         50.9200   551034   
2020-04-14  51.81  52.6150  49.38  49.860         49.8600   585269   
2020-04-15  47.94  48.0100  46.21  47.770         47.7700   487003   
2020-04-16  47.16  47.6379  44.42  44.920         44.9200  1008134   
2020-04-17  46.69  49.2400  46.48  48.475         48.4750   500681   

            dividend amount  split coefficient  
2011-01-03              0.0                1.0  
2011-01-04              0.0                1.0  
2011-01-05              0.0                1.0  
2011-01-06              0.0                1.0  
2011-01-07              0.0                1.0  
...                     ...                ...  
2020-04-13              0.0                1.0  
2020-04-14              0.0                1.0  
2020-04-15              0.0                1.0  
2020-04-16              0.0                1.0  
2020-04-17              0.0                1.0  

[2338 rows x 8 columns]"
TOLLX,"             open   high    low  close  adjusted close  volume  \
2011-01-03   9.49   9.49   9.49   9.49          7.4154       0   
2011-01-04   9.49   9.49   9.49   9.49          7.4154       0   
2011-01-05   9.47   9.47   9.47   9.47          7.3998       0   
2011-01-06   9.37   9.37   9.37   9.37          7.3216       0   
2011-01-07   9.39   9.39   9.39   9.39          7.3373       0   
...           ...    ...    ...    ...             ...     ...   
2020-04-09  14.77  14.77  14.77  14.77         14.7700       0   
2020-04-13  14.52  14.52  14.52  14.52         14.5200       0   
2020-04-14  14.93  14.93  14.93  14.93         14.9300       0   
2020-04-15  14.53  14.53  14.53  14.53         14.5300       0   
2020-04-16  14.48  14.48  14.48  14.48         14.4800       0   

            dividend amount  split coefficient  
2011-01-03              0.0                1.0  
2011-01-04              0.0                1.0  
2011-01-05              0.0                1.0  
2011-01-06              0.0                1.0  
2011-01-07              0.0                1.0  
...                     ...                ...  
2020-04-09              0.0                1.0  
2020-04-13              0.0                1.0  
2020-04-14              0.0                1.0  
2020-04-15              0.0                1.0  
2020-04-16              0.0                1.0  

[2337 rows x 8 columns]"
HLX,"             open    high     low   close  adjusted close   volume  \
2011-01-03  12.38  12.410  11.850  12.010          12.010  2002000   
2011-01-04  12.05  12.160  11.825  12.020          12.020  3005100   
2011-01-05  11.97  12.210  11.810  12.170          12.170  2142000   
2011-01-06  12.20  12.300  11.860  11.920          11.920  1297100   
2011-01-07  11.92  12.020  11.440  11.700          11.700  1493000   
...           ...     ...     ...     ...             ...      ...   
2020-04-13   1.82   1.900   1.650   1.840           1.840  8174960   
2020-04-14   1.88   1.975   1.690   1.750           1.750  6028446   
2020-04-15   1.67   1.700   1.500   1.600           1.600  5358865   
2020-04-16   1.63   1.630   1.410   1.460           1.460  3541600   
2020-04-17   1.52   1.590   1.480   1.505           1.505  1833702   

            dividend amount  split coefficient  
2011-01-03              0.0                1.0  
2011-01-04              0.0                1.0  
2011-01-05              0.0                1.0  
2011-01-06              0.0                1.0  
2011-01-07              0.0                1.0  
...                     ...                ...  
2020-04-13              0.0                1.0  
2020-04-14              0.0                1.0  
2020-04-15              0.0                1.0  
2020-04-16              0.0                1.0  
2020-04-17              0.0                1.0  

[2338 rows x 8 columns]"
HF,"             open   high    low  close  adjusted close    volume  \
2011-01-03   9.74   9.96   9.74   9.78          6.4423     62400   
2011-01-04   9.80   9.80   9.54   9.66          6.3632    127800   
2011-01-05   9.62   9.75   9.62   9.75          6.4225     64800   
2011-01-06   9.72   9.81   9.39   9.42          6.2051    784900   
2011-01-07   9.42   9.45   9.30   9.37          6.1722    263300   
...           ...    ...    ...    ...             ...       ...   
2019-06-26  45.12  45.22  44.71  44.89         44.8900    270240   
2019-06-27  44.94  45.53  44.94  45.36         45.3600   1051115   
2019-06-28  45.40  46.02  45.36  45.48         45.4800   2281172   
2019-07-01  45.94  46.28  45.60  45.60         45.6000  11532818   
2019-10-11   0.00   0.00   0.00   0.00          0.0000         0   

            dividend amount  split coefficient  
2011-01-03              0.0                1.0  
2011-01-04              0.0                1.0  
2011-01-05              0.0                1.0  
2011-01-06              0.0                1.0  
2011-01-07              0.0                1.0  
...                     ...                ...  
2019-06-26              0.0                1.0  
2019-06-27              0.0                1.0  
2019-06-28              0.0                1.0  
2019-07-01              0.0                1.0  
2019-10-11              0.0                1.0  

[2138 rows x 8 columns]"
HEI,"             open   high      low  close  adjusted close   volume  \
2011-01-03  51.72  52.98  51.2800  52.15         12.2261   119349   
2011-01-04  52.43  52.43  50.9500  52.23         12.2589   143265   
2011-01-05  52.17  52.63  51.8200  52.52         12.3270    81922   
2011-01-06  52.49  53.04  52.1401  52.90         12.4162    75746   
2011-01-07  52.90  53.34  51.8500  52.72         12.3739   122928   
...           ...    ...      ...    ...             ...      ...   
2020-04-13  80.00  80.82  77.2300  77.83         77.8300   673747   
2020-04-14  79.83  81.30  77.9600  78.07         78.0700   801467   
2020-04-15  76.26  80.43  74.8500  79.17         79.1700   963850   
2020-04-16  79.72  81.50  75.3600  76.20         76.2000  1040681   
2020-04-17  79.22  83.74  79.2200  81.83         81.8300   504364   

            dividend amount  split coefficient  
2011-01-03             0.00                1.0  
2011-01-04             0.06                1.0  
2011-01-05             0.00                1.0  
2011-01-06             0.00                1.0  
2011-01-07             0.00                1.0  
...                     ...                ...  
2020-04-13             0.00                1.0  
2020-04-14             0.00                1.0  
2020-04-15             0.00                1.0  
2020-04-16             0.00                1.0  
2020-04-17             0.00                1.0  

[2338 rows x 8 columns]"
HCSG,"             open   high      low  close  adjusted close  volume  \
2011-01-03  16.43  16.55  15.9000  16.43         13.0602  293300   
2011-01-04  16.43  16.54  15.7900  16.04         12.7502  502700   
2011-01-05  16.00  16.38  15.9901  16.25         12.9171  357100   
2011-01-06  16.28  16.30  15.9500  16.11         12.8058  326700   
2011-01-07  16.18  16.18  15.7100  15.92         12.6548  311400   
...           ...    ...      ...    ...             ...     ...   
2020-04-09  22.86  23.43  22.2000  23.15         23.1500  485893   
2020-04-13  23.08  23.08  21.9300  22.61         22.6100  412844   
2020-04-14  23.13  23.29  22.4400  23.00         23.0000  346404   
2020-04-15  22.05  22.40  21.3200  21.95         21.9500  696394   
2020-04-16  22.02  22.27  20.4500  20.82         20.8200  848684   

            dividend amount  split coefficient  
2011-01-03              0.0                1.0  
2011-01-04              0.0                1.0  
2011-01-05              0.0                1.0  
2011-01-06              0.0                1.0  
2011-01-07              0.0                1.0  
...                     ...                ...  
2020-04-09              0.0                1.0  
2020-04-13              0.0                1.0  
2020-04-14              0.0                1.0  
2020-04-15              0.0                1.0  
2020-04-16              0.0                1.0  

[2337 rows x 8 columns]"
GMED,"             open    high     low   close  adjusted close   volume  \
2012-08-03  13.10  14.650  13.060  13.500          13.500  3900600   
2012-08-06  13.62  14.000  13.500  13.560          13.560   190400   
2012-08-07  13.51  13.850  13.390  13.500          13.500    64800   
2012-08-08  13.50  13.500  13.180  13.450          13.450   114500   
2012-08-09  13.50  13.580  13.143  13.510          13.510   145400   
...           ...     ...     ...     ...             ...      ...   
2020-04-13  47.65  48.280  46.290  47.180          47.180   817647   
2020-04-14  48.03  48.355  46.310  47.720          47.720   752078   
2020-04-15  46.51  47.240  44.490  44.640          44.640   892277   
2020-04-16  45.00  45.020  43.280  44.310          44.310   790990   
2020-04-17  45.19  47.180  45.190  46.405          46.405   631557   

            dividend amount  split coefficient  
2012-08-03              0.0                1.0  
2012-08-06              0.0                1.0  
2012-08-07              0.0                1.0  
2012-08-08              0.0                1.0  
2012-08-09              0.0                1.0  
...                     ...                ...  
2020-04-13              0.0                1.0  
2020-04-14              0.0                1.0  
2020-04-15              0.0                1.0  
2020-04-16              0.0                1.0  
2020-04-17              0.0                1.0  

[1938 rows x 8 columns]"
FNGN,"             open   high    low  close  adjusted close  volume  \
2011-01-03  19.85  20.05  19.42  19.84         19.0834  128000   
2011-01-04  19.93  19.93  19.09  19.44         18.6987  180600   
2011-01-05  19.45  20.22  19.11  20.11         19.3431  851500   
2011-01-06  20.03  20.34  19.81  20.29         19.5163  126200   
2011-01-07  20.25  21.00  19.99  20.99         20.1896  224900   
...           ...    ...    ...    ...             ...     ...   
2018-07-17  44.95  45.00  44.90  45.00         45.0000  898585   
2018-07-18  45.00  45.00  44.95  44.95         44.9500  140540   
2018-07-19  44.95  44.95  44.95  44.95         44.9500    5000   
2018-07-20  44.95  44.95  44.95  44.95         44.9500       0   
2020-04-17   0.00   0.00   0.00  44.95         44.9500       0   

            dividend amount  split coefficient  
2011-01-03              0.0                1.0  
2011-01-04              0.0                1.0  
2011-01-05              0.0                1.0  
2011-01-06              0.0                1.0  
2011-01-07              0.0                1.0  
...                     ...                ...  
2018-07-17              0.0                1.0  
2018-07-18              0.0                1.0  
2018-07-19              0.0                1.0  
2018-07-20              0.0                1.0  
2020-04-17              0.0                1.0  

[1901 rows x 8 columns]"
UMPQ,"             open    high      low  close  adjusted close   volume  \
2011-01-03  12.37  12.740  12.3000  12.74          8.9448   950300   
2011-01-04  12.81  12.890  12.4400  12.49          8.7692  1296400   
2011-01-05  12.46  12.640  12.3800  12.63          8.8675   604600   
2011-01-06  12.61  12.700  12.3200  12.39          8.6990   708900   
2011-01-07  12.45  12.600  12.0120  12.19          8.5586   950100   
...           ...     ...      ...    ...             ...      ...   
2020-04-09  11.69  12.285  11.5500  12.22         12.2200  1548026   
2020-04-13  12.24  12.420  11.4149  11.60         11.6000  1034021   
2020-04-14  11.85  11.980  11.0050  11.13         11.1300  1709211   
2020-04-15  10.65  10.820  10.4000  10.52         10.5200  1379919   
2020-04-16  10.50  10.510   9.9800  10.19         10.1900  2083049   

            dividend amount  split coefficient  
2011-01-03              0.0                1.0  
2011-01-04              0.0                1.0  
2011-01-05              0.0                1.0  
2011-01-06              0.0                1.0  
2011-01-07              0.0                1.0  
...                     ...                ...  
2020-04-09              0.0                1.0  
2020-04-13              0.0                1.0  
2020-04-14              0.0                1.0  
2020-04-15              0.0                1.0  
2020-04-16              0.0                1.0  

[2337 rows x 8 columns]"
TAL,"             open     high    low  close  adjusted close   volume  \
2011-01-03  16.25  16.2500  15.36  15.82          1.9081    44700   
2011-01-04  15.58  15.8900  15.49  15.83          1.9093    79300   
2011-01-05  15.84  16.0800  15.70  15.90          1.9178   153200   
2011-01-06  16.07  16.1100  15.74  16.09          1.9407    99400   
2011-01-07  16.13  16.2000  15.93  16.03          1.9335    96700   
...           ...      ...    ...    ...             ...      ...   
2020-04-13  50.80  52.2699  50.15  51.80         51.8000  3452576   
2020-04-14  53.03  53.2200  52.10  52.44         52.4400  3650054   
2020-04-15  52.41  53.4300  51.87  52.19         52.1900  3241485   
2020-04-16  52.50  53.2100  50.15  50.24         50.2400  5016737   
2020-04-17  50.59  51.9500  50.06  50.91         50.9100  2394360   

            dividend amount  split coefficient  
2011-01-03              0.0                1.0  
2011-01-04              0.0                1.0  
2011-01-05              0.0                1.0  
2011-01-06              0.0                1.0  
2011-01-07              0.0                1.0  
...                     ...                ...  
2020-04-13              0.0                1.0  
2020-04-14              0.0                1.0  
2020-04-15              0.0                1.0  
2020-04-16              0.0                1.0  
2020-04-17              0.0                1.0  

[2338 rows x 8 columns]"
PACW,"             open   high    low  close  adjusted close   volume  \
2011-01-03  21.67  22.27  21.51  22.15         15.2674   200600   
2011-01-04  22.10  22.10  20.46  20.99         14.4679   395300   
2011-01-05  21.00  21.42  20.75  21.37         14.7298   202500   
2011-01-06  21.42  21.63  21.15  21.29         14.6746   121000   
2011-01-07  21.40  21.66  20.56  20.60         14.1990   232400   
...           ...    ...    ...    ...             ...      ...   
2020-04-09  20.22  20.87  19.76  20.52         20.5200  1497067   
2020-04-13  20.64  20.64  19.51  20.10         20.1000  1464354   
2020-04-14  21.11  21.11  18.55  18.93         18.9300  1459839   
2020-04-15  18.00  18.57  17.37  17.66         17.6600  1583857   
2020-04-16  17.52  17.59  16.50  16.88         16.8800  1420610   

            dividend amount  split coefficient  
2011-01-03              0.0                1.0  
2011-01-04              0.0                1.0  
2011-01-05              0.0                1.0  
2011-01-06              0.0                1.0  
2011-01-07              0.0                1.0  
...                     ...                ...  
2020-04-09              0.0                1.0  
2020-04-13              0.0                1.0  
2020-04-14              0.0                1.0  
2020-04-15              0.0                1.0  
2020-04-16              0.0                1.0  

[2337 rows x 8 columns]"
OHI,"             open     high     low   close  adjusted close   volume  \
2011-01-03  22.59  22.8300  22.510  22.790         12.1380   643700   
2011-01-04  22.87  22.9299  22.211  22.310         11.8823   612400   
2011-01-05  22.32  22.7100  22.300  22.690         12.0847   761400   
2011-01-06  22.78  22.8600  22.440  22.500         11.9835   798100   
2011-01-07  22.62  22.7700  22.170  22.190         11.8184  1118400   
...           ...      ...     ...     ...             ...      ...   
2020-04-13  34.66  34.6700  32.700  33.770         33.7700  2335717   
2020-04-14  34.65  35.9600  34.120  34.890         34.8900  2454824   
2020-04-15  32.79  34.2850  31.870  31.940         31.9400  2561022   
2020-04-16  32.28  32.5600  31.220  31.310         31.3100  2768939   
2020-04-17  32.81  33.4700  32.160  32.625         32.6250   966590   

            dividend amount  split coefficient  
2011-01-03              0.0                1.0  
2011-01-04              0.0                1.0  
2011-01-05              0.0                1.0  
2011-01-06              0.0                1.0  
2011-01-07              0.0                1.0  
...                     ...                ...  
2020-04-13              0.0                1.0  
2020-04-14              0.0                1.0  
2020-04-15              0.0                1.0  
2020-04-16              0.0                1.0  
2020-04-17              0.0                1.0  

[2338 rows x 8 columns]"
MGRC,"             open    high    low  close  adjusted close  volume  \
2011-01-03  26.60  27.120  26.43  26.76         20.0397   36100   
2011-01-04  26.93  26.930  25.40  25.42         19.0362  142400   
2011-01-05  25.41  25.820  25.02  25.78         19.3058  126300   
2011-01-06  25.73  25.760  25.55  25.65         19.2085  194800   
2011-01-07  25.78  25.780  25.39  25.67         19.2234  224200   
...           ...     ...    ...    ...             ...     ...   
2020-04-09  55.25  56.150  54.00  55.72         55.2863  142849   
2020-04-13  55.02  55.020  52.05  52.64         52.2303   71494   
2020-04-14  54.33  54.614  52.68  53.54         53.5400   95484   
2020-04-15  52.37  52.370  49.33  49.43         49.4300  121128   
2020-04-16  49.45  50.375  47.00  48.23         48.2300  181321   

            dividend amount  split coefficient  
2011-01-03             0.00                1.0  
2011-01-04             0.00                1.0  
2011-01-05             0.00                1.0  
2011-01-06             0.00                1.0  
2011-01-07             0.00                1.0  
...                     ...                ...  
2020-04-09             0.00                1.0  
2020-04-13             0.00                1.0  
2020-04-14             0.42                1.0  
2020-04-15             0.00                1.0  
2020-04-16             0.00                1.0  

[2337 rows x 8 columns]"
